DataCategory,acc,f1,recall,precision,tp,fn,fp,tn,model_name
train,1.0,1.0,1.0,1.0,816,0,0,685,tree
test,0.8245341614906833,0.836940836940837,0.8192090395480226,0.855457227138643,290,64,49,241,tree
train,1.0,1.0,1.0,1.0,816,0,0,685,RandomForest
test,0.8074534161490683,0.8238636363636365,0.8192090395480226,0.8285714285714286,290,64,60,230,RandomForest
train,0.8754163890739507,0.8870090634441088,0.8995098039215687,0.8748510131108462,734,82,105,580,GradientBoostingClassifier
test,0.827639751552795,0.8429985855728429,0.8418079096045198,0.8441926345609065,298,56,55,235,GradientBoostingClassifier
