DataCategory,acc,f1,recall,precision,tp,fn,fp,tn
train,1.0,1.0,1.0,1.0,816,0,0,685
test,0.8245341614906833,0.836940836940837,1.0,0.855457227138643,290,64,49,241
